code,betweenness_track
MB,0.0056522331336119665
KIUL,0.005359303526634204
LKR,0.004368747233289066
SCC,0.004002139589788991
AII,0.003601888741330973
RNC,0.0036011509517485615
MKB,0.0032554227534307215
BRYA,0.0032332890659583884
PNBE,0.0030799137156317133
DLI,0.0030591707245093695
HTZ,0.003001475579164822
UREN,0.0024417146229895235
AHA,0.002410358565737052
BSB,0.0023882248782647188
DRH,0.0023771580345285526
DRTP,0.002343957503320053
JMP,0.0023107569721115538
HTE,0.0022484137523978162
BUP,0.002020901899647786
KEI,0.0019098633337330724
GD,0.0018387986515476557
DSB,0.0016925630810092963
JBP,0.0016589198760513502
NDLS,0.001653386454183267
KLRE,0.001637892872952634
BNDM,0.0015619424938669699
LKO,0.001487916783257161
CAR,0.0014431164231961044
BE,0.0014342629482071714
SRY,0.0013718459495351925
COR,0.0013413014608233732
SHK,0.0013275785745905267
KPRD,0.001295927401505091
KSC,0.0012855245683930942
RGB,0.0012394864984506418
SBP,0.0012225173380551867
WRS,0.0012014165559982293
BTG,0.0011930057547587427
ROU,0.001183045595396193
NUQ,0.001148738379814077
AO,0.0011465250110668436
ANVT,0.001144090305444887
NWD,0.0011173085436033644
LUSA,0.0010837364033276038
ADI,0.0010619954046248866
TIL,0.001060646303674192
BGS,0.001053268407850081
TIA,0.0010332005312084995
SBB,0.0010225763612217796
WZJ,0.0009911465250110668
BGP,0.000965028773793714
NIR,0.0009617087206728641
ZBD,0.0009141212926073483
ALD,0.0009119079238601151
PRBZ,0.0009034971226206286
SGG,0.0008827652353548767
JNU,0.0008764940239043825
GZB,0.0008676405489154493
PPN,0.0008592297476759628
PFT,0.0008171757414785303
MNP,0.0007968127490039841
NDW,0.0007751217352810978
NAT,0.0007529142688505237
TEA,0.0007330677290836653
DUB,0.0007328545350371091
RBGJ,0.0007328545350371091
BRC,0.0007104913678618858
AGY,0.000697211155378486
AFR,0.000697211155378486
JMU,0.0006949977866312528
KRJR,0.0006902157257258592
CH,0.0006529437804338202
CPU,0.0006496237273129704
NDU,0.0006489597166888004
SBT,0.000588966883787601
KLL,0.0005811018282870006
JHD,0.0005648517042939353
TATA,0.0005378486055776893
GNNA,0.0005252124167765948
BELA,0.0004962372731297034
HBG,0.0004935812306330234
UDZ,0.0004935812306330234
RJPB,0.0004907904613430337
PWS,0.0004891544931385569
DNR,0.0004648074369189907
SBO,0.0004625940681717574
VYN,0.0004448871181938912
PDE,0.0004426737494466578
MFJ,0.0004426737494466578
GRG,0.0004426737494466578
BJU,0.00043234469529290244
MPO,0.00041706085357566395
GAYA,0.00041389995573262506
RMR,0.00040836653386454183
KKTA,0.0004072598494909252
NEO,0.0004072598494909252
SAN,0.0004072598494909252
KUN,0.0004072598494909252
RPUR,0.00040492063703565537
CKH,0.0003922089420097388
GKP,0.00039176626826029217
RU,0.00039085575201979156
ANVR,0.0003824701195219124
SBPD,0.000378271381216124
HPLE,0.00035192563081009297
JAJ,0.00035088186829049467
INDB,0.0003452855245683931
JUL,0.0003419987830173176
CDL,0.00033200531208499334
PGMD,0.00033200531208499334
KPD,0.0003220118411526692
KOTA,0.00031208499335989376
GUNA,0.0002711376715360779
JHDC,0.000264715941140677
RJO,0.0002635384388372436
MS,0.0002611775121735281
PBE,0.00025675077467906155
YPR,0.00025675077467906155
THA,0.0002549800796812749
RDUM,0.0002532093846834883
DNA,0.0002523240371845949
KEB,0.0002456839309428951
AKN,0.000244946141360484
MUD,0.0002442848450123697
MDE,0.00024391323594510846
GRRU,0.00023904382470119523
KHTU,0.00023240371845949535
WDM,0.00023019034971226207
RMF,0.00023019034971226207
DNW,0.00022873944578430982
SNKE,0.0002213368747233289
GIMB,0.00021469676848162903
UMN,0.00021469676848162903
HRS,0.00021319404655624995
MLN,0.00021248339973439575
ANAH,0.00021041758890364467
BHW,0.0002073188726575181
TPH,0.0002036299247454626
PNJ,0.00020030987162461265
GK,0.00019920318725099602
BNKJ,0.0001969898185037627
MPK,0.00019542787600989578
NZM,0.0001936697653829128
GZN,0.00019256308100929615
SPN,0.00019108750184447399
NWA,0.00019034971226206286
TPTY,0.00019034971226206286
BMSB,0.00019034971226206286
PLS,0.00018592297476759627
BARH,0.00018432401941842442
MSF,0.000183709606020363
DIA,0.0001814962372731297
BKLE,0.00017988247678183588
DKZ,0.0001779548472775565
LAU,0.00017485613103142983
KKNA,0.00017322016282695306
GHX,0.00017057695145344546
MSB,0.00016821602478972998
BVN,0.00016600265604249667
BAE,0.00016600265604249667
VONB,0.00016600265604249667
BIM,0.00016600265604249667
MKA,0.0001639368452117456
HA,0.00015714918105356354
VDR,0.00015272244355909694
LMP,0.0001487916783257161
SBG,0.00014608233731739707
TLH,0.000145344547734986
STP,0.00014497565294378044
SIOB,0.0001416555998229305
KRMA,0.0001372288623284639
RHN,0.000133908809207614
DSA,0.00013073631400324629
SD,0.00012394864984506418
RJY,0.00012284196547144755
RTA,0.0001217352810978309
IMGE,0.00011952191235059761
TKJ,0.00011834144901873984
BDAG,0.00011770087986959632
BYPL,0.00011730854360336432
VVB,0.00011450494319020214
CSB,0.00011435738527371994
CLDY,0.00011235481355003268
SHG,0.00011066843736166445
ML,0.00011066843736166445
PORA,0.00011066843736166445
OBR,0.00011066843736166445
SYU,0.00011066843736166445
TDLE,0.00010845506861443116
UJN,0.00010659702327812497
SUJH,0.00010659702327812497
UMRA,0.00010659702327812497
PGA,0.00010659702327812497
RTGH,0.00010624169986719787
DEC,0.0001040283311199646
SHDR,0.00010402833111996459
DG,0.0001010771727903202
BFPA,9.738822487826471e-05
ASKN,9.296148738379814e-05
VVKP,9.237125571786927e-05
BKT,9.074811863656485e-05
BSUR,9.074811863656485e-05
CSDR,9.074811863656485e-05
BRBS,8.964143426294821e-05
BIRP,8.964143426294821e-05
BJV,8.661008141347653e-05
LGH,8.632138114209827e-05
STH,8.410801239486499e-05
KGF,8.300132802124833e-05
RJK,8.189464364763169e-05
MIO,8.189464364763169e-05
ORR,8.189464364763169e-05
DXD,8.189464364763169e-05
KFC,8.152574885642613e-05
OEL,8.078795927401505e-05
KITN,8.078795927401505e-05
KQN,7.968127490039841e-05
ABI,7.550622482200519e-05
SDN,7.525453740593183e-05
UPM,7.106468218541665e-05
SA,7.082779991146525e-05
KPTO,6.810365376102427e-05
TLJ,6.810365376102427e-05
KOAA,6.750774679061531e-05
PPT,6.218159691223956e-05
DBSI,6.197432492253209e-05
VPJ,5.9960825593945295e-05
MURI,5.976095617529881e-05
BKSC,5.976095617529881e-05
ATL,5.976095617529881e-05
TBM,5.976095617529881e-05
RFJ,5.976095617529881e-05
TGA,5.7740054275651024e-05
SDE,5.7740054275651024e-05
NDB,5.754758742806552e-05
NEP,5.754758742806552e-05
MDDP,5.754758742806552e-05
MZC,5.754758742806551e-05
AMPL,5.754758742806551e-05
PKF,5.644090305444887e-05
ZW,5.533421868083223e-05
VRPD,5.533421868083223e-05
MK,5.533421868083223e-05
SFH,5.533421868083223e-05
UTR,5.533421868083223e-05
UMB,5.533421868083223e-05
MMB,5.533421868083223e-05
MWF,5.533421868083223e-05
TDL,5.533421868083223e-05
MAS,5.496532388962667e-05
DHE,5.329851163906249e-05
MSH,5.329851163906249e-05
RNQ,5.329851163906249e-05
LTI,5.329851163906249e-05
KDHI,5.329851163906249e-05
CAG,5.312084993359894e-05
KGM,4.9227097555522974e-05
SGE,4.648074369189907e-05
CRP,4.574295410948797e-05
BPL,4.44154263658854e-05
SGAM,4.4267374944665784e-05
BSDL,4.2054006197432495e-05
BMT,4.2054006197432495e-05
PKR,4.13162166150214e-05
APR,3.9973883729296866e-05
KON,3.9973883729296866e-05
CV,3.9840637450199205e-05
NWB,3.9840637450199205e-05
TBMS,3.9840637450199205e-05
PURI,3.9840637450199205e-05
MBL,3.9840637450199205e-05
KVN,3.9840637450199205e-05
BTRA,3.910284786778811e-05
GNT,3.7753112411002594e-05
MWJ,3.7627268702965915e-05
NCHS,3.7627268702965915e-05
RNG,3.688947912055482e-05
DGR,3.6272598198806415e-05
DC,3.553234109270832e-05
SYJ,3.553234109270832e-05
AAL,3.5413899955732625e-05
JOBA,3.5413899955732625e-05
MPA,3.331156977441405e-05
GAJB,3.331156977441405e-05
SGRL,3.3200531208499335e-05
KNW,3.3200531208499335e-05
DNRE,3.283163641729378e-05
BHDH,3.246274162608824e-05
KIR,3.2093846834882693e-05
KHD,3.161955353190413e-05
BRGW,3.109079845611978e-05
VJP,3.0987162461266045e-05
GGA,2.8870027137825512e-05
LMM,2.877379371403276e-05
LOD,2.877379371403276e-05
LCH,2.877379371403276e-05
SPJ,2.7667109340416114e-05
OKA,2.7667109340416114e-05
GOT,2.7667109340416114e-05
SBPY,2.6649255819531244e-05
GTF,2.6649255819531244e-05
GWS,2.6649255819531244e-05
BEA,2.6649255819531244e-05
ED,2.656042496679947e-05
KTKD,2.656042496679947e-05
NKJ,2.656042496679947e-05
DOS,2.656042496679947e-05
KLS,2.656042496679947e-05
SLHA,2.656042496679947e-05
VJM,2.2502582263538443e-05
BYN,2.22077131829427e-05
KRS,2.22077131829427e-05
KJM,2.2133687472332892e-05
MNL,2.2133687472332892e-05
CNJ,2.1543455806404014e-05
BSL,1.9986941864648433e-05
PTJ,1.9920318725099602e-05
LNK,1.9920318725099602e-05
SLNA,1.9920318725099602e-05
PV,1.9920318725099602e-05
GYM,1.9920318725099602e-05
IMLI,1.9920318725099602e-05
SHC,1.9920318725099602e-05
SRI,1.8813634351482957e-05
HUP,1.776617054635416e-05
SYL,1.776617054635416e-05
RXL,1.7706949977866312e-05
SC,1.7706949977866312e-05
SQR,1.7706949977866312e-05
LGDH,1.7706949977866312e-05
DGLE,1.7706949977866312e-05
NGF,1.7706949977866312e-05
KNSN,1.7706949977866312e-05
LOGH,1.7706949977866312e-05
CRR,1.7706949977866312e-05
MVD,1.7706949977866312e-05
GMAN,1.6969160395455215e-05
GMO,1.6969160395455215e-05
MUGA,1.6600265604249667e-05
TQN,1.5493581230633023e-05
TLV,1.5493581230633023e-05
MINA,1.5493581230633023e-05
KGLE,1.5493581230633023e-05
MUP,1.5493581230633023e-05
KHRJ,1.5493581230633023e-05
PER,1.5175270675010845e-05
JNN,1.4805142121961802e-05
DDGA,1.4755791648221928e-05
PLJE,1.4755791648221928e-05
SBI,1.4646515599226493e-05
SI,1.4435013568912756e-05
PHRH,1.438689685701638e-05
TELO,1.4018002065810832e-05
MWQ,1.3324627909765622e-05
DURG,1.3280212483399734e-05
BZA,1.3280212483399734e-05
VRI,1.3280212483399734e-05
BSRX,1.3280212483399734e-05
RMA,1.3280212483399734e-05
KB,1.3280212483399734e-05
TPJ,1.3280212483399734e-05
SMO,1.3280212483399734e-05
PLMX,1.3280212483399734e-05
ASN,1.2542422900988637e-05
DDY,1.217352810978309e-05
SRTN,1.110385659147135e-05
KLP,1.110385659147135e-05
BJP,1.110385659147135e-05
MDVK,1.110385659147135e-05
GULR,1.1066843736166446e-05
BUX,1.1066843736166446e-05
KTJI,1.1066843736166446e-05
ATRU,1.1066843736166446e-05
MIN,1.1066843736166446e-05
GWL,1.1066843736166446e-05
MOJ,1.1066843736166446e-05
GHAI,1.1066843736166446e-05
DBEC,1.1066843736166446e-05
JP,1.1066843736166446e-05
SVPI,1.1066843736166446e-05
NGP,1.1066843736166446e-05
KJH,1.1066843736166443e-05
SNF,9.993470932324216e-06
FNB,9.960159362549801e-06
PTK,9.960159362549801e-06
SHRD,9.253213826226124e-06
MBP,8.88308527317708e-06
MIW,8.88308527317708e-06
ARA,8.88308527317708e-06
RPR,8.88308527317708e-06
BUH,8.88308527317708e-06
DNRP,8.88308527317708e-06
MKPR,8.88308527317708e-06
YG,8.88308527317708e-06
GRR,8.853474988933156e-06
NWC,8.853474988933156e-06
KOPR,8.853474988933156e-06
LHN,8.853474988933156e-06
MENP,8.853474988933156e-06
DVD,8.853474988933156e-06
PJA,8.853474988933156e-06
MFA,8.853474988933156e-06
MFQ,8.853474988933156e-06
WDL,8.853474988933156e-06
RGH,8.853474988933156e-06
GHNA,8.853474988933156e-06
PRAR,8.853474988933156e-06
MTA,8.853474988933156e-06
BGQ,8.853474988933156e-06
KMI,8.853474988933156e-06
CTC,8.853474988933156e-06
KPK,8.11568540652206e-06
KJME,8.11568540652206e-06
KPTN,7.746790615316511e-06
KPV,7.746790615316511e-06
GQL,7.746790615316511e-06
MHQ,7.4025710609809e-06
VDM,7.009001032905415e-06
BANO,7.009001032905415e-06
KHBJ,6.662313954882811e-06
HPO,6.662313954882811e-06
NBL,6.662313954882811e-06
AKK,6.640106241699867e-06
AYR,6.640106241699867e-06
SEB,6.640106241699867e-06
HPGM,6.640106241699867e-06
WHM,6.640106241699867e-06
BRKA,6.640106241699867e-06
KOK,6.27121145049432e-06
KSP,5.551928295735675e-06
MAO,5.533421868083223e-06
MJO,5.533421868083223e-06
OLP,4.44154263658854e-06
OML,4.44154263658854e-06
RDD,4.44154263658854e-06
SRKI,4.44154263658854e-06
BHWA,4.44154263658854e-06
SCMN,4.44154263658854e-06
NDBT,4.44154263658854e-06
AA,4.426737494466578e-06
NLSF,4.426737494466578e-06
TVL,4.426737494466578e-06
NGRT,4.426737494466578e-06
DZA,4.426737494466578e-06
AZ,4.426737494466578e-06
KCC,4.426737494466578e-06
MAU,4.426737494466578e-06
AGC,4.426737494466578e-06
DAVJ,4.426737494466578e-06
BEAS,4.426737494466578e-06
BXM,4.426737494466578e-06
VST,4.426737494466578e-06
BLC,4.426737494466578e-06
NUPR,4.426737494466578e-06
RE,4.426737494466578e-06
NGRS,4.426737494466578e-06
PTYR,4.426737494466578e-06
JUK,4.426737494466578e-06
LMT,4.426737494466578e-06
PDT,4.426737494466578e-06
BOE,4.426737494466578e-06
KWE,4.426737494466578e-06
ROA,4.426737494466578e-06
PTRJ,4.426737494466578e-06
MGF,4.426737494466578e-06
DOK,4.426737494466578e-06
KGG,4.426737494466578e-06
BSQP,3.6889479120554816e-06
KMZ,3.3311569774414055e-06
VO,3.3311569774414055e-06
HM,3.3311569774414055e-06
LAV,3.3200531208499336e-06
DD,3.3200531208499336e-06
BAGL,3.3200531208499336e-06
BXLL,3.3200531208499336e-06
ORGA,2.96102842439236e-06
NXN,2.951158329644385e-06
BINA,2.22077131829427e-06
MGLE,2.22077131829427e-06
SRGH,2.22077131829427e-06
SURP,2.22077131829427e-06
MJF,2.22077131829427e-06
SLGR,2.22077131829427e-06
BSPH,2.22077131829427e-06
RT,2.22077131829427e-06
NRNR,2.22077131829427e-06
BJQ,2.213368747233289e-06
KKHT,2.213368747233289e-06
ENB,2.213368747233289e-06
FBD,2.213368747233289e-06
AGI,2.213368747233289e-06
PNVL,2.213368747233289e-06
MNME,2.213368747233289e-06
BSQ,2.213368747233289e-06
BMF,2.213368747233289e-06
HLN,2.213368747233289e-06
BJE,2.213368747233289e-06
KTE,2.213368747233289e-06
KMP,2.213368747233289e-06
DEE,2.213368747233289e-06
CI,2.213368747233289e-06
ACLE,2.213368747233289e-06
KZJ,2.213368747233289e-06
DIVA,2.213368747233289e-06
TLRA,2.213368747233289e-06
SRWN,2.213368747233289e-06
NLH,2.213368747233289e-06
NSL,2.213368747233289e-06
VLA,2.213368747233289e-06
KAMG,2.213368747233289e-06
JUC,2.213368747233289e-06
KHRI,2.213368747233289e-06
CRWA,2.213368747233289e-06
GTL,2.213368747233289e-06
CDK,2.213368747233289e-06
LLI,2.213368747233289e-06
ARL,2.213368747233289e-06
SCM,2.213368747233289e-06
LCAE,2.213368747233289e-06
SZB,2.213368747233289e-06
ASLU,2.213368747233289e-06
DHPD,2.213368747233289e-06
MYGL,2.213368747233289e-06
ALNP,2.213368747233289e-06
AUI,2.213368747233289e-06
MMR,2.213368747233289e-06
IJ,2.213368747233289e-06
NW,2.213368747233289e-06
JRJ,2.213368747233289e-06
SDS,2.213368747233289e-06
BOI,2.213368747233289e-06
KJS,2.213368747233289e-06
MNQ,2.213368747233289e-06
TMP,1.8444739560277408e-06
SLJ,1.4755791648221926e-06
KLRD,1.370180653049179e-06
PEN,1.110385659147135e-06
MNHL,1.110385659147135e-06
KAI,1.110385659147135e-06
PMY,1.1066843736166445e-06
GJH,1.1066843736166445e-06
RCF,1.1066843736166445e-06
APTA,1.1066843736166445e-06
JALD,1.1066843736166445e-06
RJGR,1.1066843736166445e-06
SUIA,1.1066843736166445e-06
PLCJ,1.1066843736166445e-06
PTAB,1.1066843736166445e-06
KSTH,1.1066843736166445e-06
ADTL,1.1066843736166445e-06
MBT,1.1066843736166445e-06
JLW,1.1066843736166445e-06
GVN,1.1066843736166445e-06
SDAH,1.1066843736166445e-06
BHRL,1.1066843736166445e-06
WST,7.4025710609809e-07
SSN,7.377895824110963e-07
BDPK,0.0
JOR,0.0
WJ,0.0
DHR,0.0
MBB,0.0
SDZ,0.0
SJS,0.0
ANDN,0.0
KOZ,0.0
BNY,0.0
RWH,0.0
CTTP,0.0
SNM,0.0
MKC,0.0
PHK,0.0
SGUJ,0.0
VEN,0.0
RKS,0.0
PCC,0.0
GMH,0.0
BTNR,0.0
RJB,0.0
TEL,0.0
IDH,0.0
EN,0.0
CCP,0.0
JGD,0.0
BLD,0.0
TPZ,0.0
PRY,0.0
MGL,0.0
NHR,0.0
LHL,0.0
NRW,0.0
CUE,0.0
MKHR,0.0
ENR,0.0
HIL,0.0
SLN,0.0
JHN,0.0
RKX,0.0
DTVL,0.0
RZJ,0.0
BON,0.0
VKB,0.0
DMGN,0.0
ITE,0.0
LYD,0.0
VAA,0.0
ND,0.0
MLDT,0.0
ANH,0.0
BIRD,0.0
MDRR,0.0
ARW,0.0
BLM,0.0
BPR,0.0
SRE,0.0
PCZ,0.0
WJR,0.0
SPX,0.0
CLA,0.0
KSB,0.0
MTR,0.0
RHA,0.0
SLS,0.0
DCK,0.0
LGO,0.0
GOPL,0.0
GUH,0.0
TKA,0.0
EKI,0.0
JRU,0.0
BC,0.0
BTKD,0.0
LGRE,0.0
HRH,0.0
JTJ,0.0
BIP,0.0
LNT,0.0
SIKR,0.0
JSG,0.0
ATP,0.0
HLB,0.0
MAH,0.0
TRS,0.0
BET,0.0
DIW,0.0
CW,0.0
KAN,0.0
ORDI,0.0
HRDR,0.0
UTA,0.0
SIR,0.0
PIH,0.0
CT,0.0
BUA,0.0
PGDP,0.0
MVN,0.0
NPI,0.0
PDA,0.0
KOTR,0.0
MUG,0.0
JLR,0.0
NDAZ,0.0
LKD,0.0
BOY,0.0
SUR,0.0
KASR,0.0
AKV,0.0
LJN,0.0
PEP,0.0
CUR,0.0
KLRS,0.0
LHBK,0.0
UCB,0.0
BZLE,0.0
GMDN,0.0
DMW,0.0
RMU,0.0
PML,0.0
SKT,0.0
SHN,0.0
SES,0.0
BJMD,0.0
SBL,0.0
TMR,0.0
KYJ,0.0
TGDE,0.0
YL,0.0
MGS,0.0
BQF,0.0
BQZ,0.0
BZK,0.0
AMLA,0.0
GKH,0.0
BRD,0.0
MUA,0.0
MIH,0.0
ROK,0.0
JOH,0.0
UCR,0.0
SAE,0.0
GAG,0.0
PNYA,0.0
BAKT,0.0
BBE,0.0
DBG,0.0
NKE,0.0
AJP,0.0
DPK,0.0
DPS,0.0
KDPR,0.0
STN,0.0
DHT,0.0
YNK,0.0
FZR,0.0
BCD,0.0
HDU,0.0
EKMA,0.0
SWRT,0.0
SDMD,0.0
BUPH,0.0
KKU,0.0
JSME,0.0
GSD,0.0
AON,0.0
MOU,0.0
PRR,0.0
RUJ,0.0
DAQ,0.0
TMQ,0.0
MRJ,0.0
TEN,0.0
KTX,0.0
MPKT,0.0
VDA,0.0
NKDO,0.0
GHH,0.0
HNL,0.0
JNH,0.0
MLW,0.0
MXW,0.0
DN,0.0
ABS,0.0
BKN,0.0
NHT,0.0
ASR,0.0
MDRA,0.0
KGFR,0.0
KNNA,0.0
SZM,0.0
MML,0.0
NNA,0.0
PKA,0.0
ADT,0.0
KRON,0.0
R,0.0
SYC,0.0
JOC,0.0
DHAE,0.0
KYM,0.0
SJVP,0.0
ATMO,0.0
FKG,0.0
KDPS,0.0
CNS,0.0
SHJP,0.0
KYQ,0.0
BKI,0.0
KGBS,0.0
HPU,0.0
RWL,0.0
WR,0.0
CDG,0.0
PHS,0.0
RMV,0.0
JIND,0.0
FUT,0.0
JOQ,0.0
HSP,0.0
VJA,0.0
KWV,0.0
BFX,0.0
SFPR,0.0
PHY,0.0
CNB,0.0
BNSR,0.0
JAM,0.0
URK,0.0
RGDA,0.0
NJP,0.0
VSKP,0.0
GRPA,0.0
RKM,0.0
SGUT,0.0
PIA,0.0
JTG,0.0
KKDE,0.0
PDH,0.0
LPB,0.0
CPS,0.0
TLHD,0.0
JDN,0.0
KUE,0.0
FZL,0.0
DLJ,0.0
BLO,0.0
HWH,0.0
JARI,0.0
BTSR,0.0
LHU,0.0
MAJN,0.0
LTR,0.0
KDRP,0.0
PLC,0.0
VRL,0.0
CTHT,0.0
HAUR,0.0
RTP,0.0
BRGA,0.0
DSK,0.0
AML,0.0
IGU,0.0
NBQ,0.0
JYM,0.0
BLMR,0.0
MCRD,0.0
DWLE,0.0
KBE,0.0
HAPA,0.0
BJI,0.0
NERH,0.0
DHN,0.0
SOJN,0.0
RJAK,0.0
KWJ,0.0
SEJ,0.0
JNA,0.0
VLDE,0.0
BAY,0.0
BZR,0.0
PVN,0.0
ET,0.0
UBL,0.0
JMKR,0.0
CSM,0.0
MTJ,0.0
ROZA,0.0
ERN,0.0
CPH,0.0
URD,0.0
ZPL,0.0
BLN,0.0
PNU,0.0
SBC,0.0
KJT,0.0
MXR,0.0
MALA,0.0
DWD,0.0
DI,0.0
KASU,0.0
LMNR,0.0
ANK,0.0
TAKU,0.0
MHDA,0.0
GDU,0.0
LDW,0.0
ZNP,0.0
MUR,0.0
SPRD,0.0
CBK,0.0
AY,0.0
GY,0.0
DRWN,0.0
DLSR,0.0
JRC,0.0
AUBR,0.0
JRLE,0.0
UDN,0.0
SEGM,0.0
SUD,0.0
HRSR,0.0
SG,0.0
SRC,0.0
KSX,0.0
CGKR,0.0
VLT,0.0
MHD,0.0
CBE,0.0
PHR,0.0
SDLE,0.0
BNW,0.0
SZN,0.0
REWA,0.0
PANP,0.0
MMD,0.0
BIK,0.0
KITA,0.0
GRD,0.0
KIY,0.0
WKR,0.0
GWA,0.0
NCB,0.0
SBNR,0.0
GHR,0.0
BMA,0.0
SKI,0.0
BAQ,0.0
ODG,0.0
SAHL,0.0
KYN,0.0
AH,0.0
NFK,0.0
NRM,0.0
BSBR,0.0
BLGR,0.0
CM,0.0
JJP,0.0
PBH,0.0
KRQ,0.0
DDW,0.0
AGN,0.0
KMS,0.0
NNP,0.0
DOE,0.0
SMQL,0.0
CNK,0.0
ARE,0.0
JAA,0.0
BTT,0.0
IGP,0.0
TRT,0.0
SDBH,0.0
THY,0.0
MPLE,0.0
BRGM,0.0
KUR,0.0
VVH,0.0
PUNE,0.0
G,0.0
KND,0.0
NN,0.0
SMR,0.0
SDMK,0.0
KWAE,0.0
JAMA,0.0
MBGA,0.0
FKA,0.0
ARR,0.0
BNDA,0.0
DXN,0.0
MKP,0.0
VBL,0.0
DRI,0.0
MJP,0.0
ARJ,0.0
ASK,0.0
SUNM,0.0
STC,0.0
GDG,0.0
CTRE,0.0
FKB,0.0
RBL,0.0
RGS,0.0
BSP,0.0
RJT,0.0
MWUE,0.0
MND,0.0
NAD,0.0
UDL,0.0
DHNE,0.0
KNSR,0.0
CGL,0.0
SVM,0.0
STPD,0.0
CYI,0.0
KBN,0.0
TLHR,0.0
MYM,0.0
BRMR,0.0
SSL,0.0
NVRD,0.0
SLO,0.0
CSN,0.0
CHH,0.0
FL,0.0
TGU,0.0
CPK,0.0
SMTA,0.0
BTD,0.0
SRPR,0.0
TVR,0.0
PGW,0.0
MDP,0.0
BBK,0.0
KRTN,0.0
MSO,0.0
CWA,0.0
LRJ,0.0
MXN,0.0
LKU,0.0
KFA,0.0
LDP,0.0
QLN,0.0
CNA,0.0
SMPA,0.0
SWA,0.0
KRR,0.0
IDGJ,0.0
SKY,0.0
GKC,0.0
BD,0.0
KPGM,0.0
SCE,0.0
LTRR,0.0
CPR,0.0
BJW,0.0
MCQ,0.0
LPNR,0.0
JMV,0.0
MLV,0.0
VGE,0.0
APG,0.0
SJNP,0.0
MJRI,0.0
TIG,0.0
BZJT,0.0
BSM,0.0
ITR,0.0
KRPU,0.0
MIPM,0.0
NRO,0.0
CPDR,0.0
CJ,0.0
KTM,0.0
PB,0.0
JAT,0.0
TWG,0.0
KBRV,0.0
TAV,0.0
BBQ,0.0
DMM,0.0
KS,0.0
BTE,0.0
BTJL,0.0
VWA,0.0
KLE,0.0
ADB,0.0
DAS,0.0
HMT,0.0
STW,0.0
KQU,0.0
AK,0.0
MFP,0.0
ROP,0.0
NBR,0.0
SNT,0.0
WADI,0.0
PBN,0.0
KCKI,0.0
CJE,0.0
KQA,0.0
LGL,0.0
RJN,0.0
VM,0.0
BST,0.0
CHB,0.0
BPK,0.0
CNR,0.0
VRG,0.0
TAE,0.0
CAZ,0.0
PPE,0.0
CBJ,0.0
NRD,0.0
CWLE,0.0
HN,0.0
DHO,0.0
DJX,0.0
BLNR,0.0
VSW,0.0
THV,0.0
MAHO,0.0
MANE,0.0
KKP,0.0
DB,0.0
TRTR,0.0
GOC,0.0
MKX,0.0
BADK,0.0
BHLE,0.0
NWP,0.0
BLU,0.0
NLRD,0.0
PCW,0.0
CTKT,0.0
SDLP,0.0
ANND,0.0
TJ,0.0
KRJ,0.0
AMLP,0.0
BRP,0.0
GVL,0.0
MINJ,0.0
NDD,0.0
CBF,0.0
KMND,0.0
MUW,0.0
JKPR,0.0
MNE,0.0
RTM,0.0
HTW,0.0
BH,0.0
GSB,0.0
PGT,0.0
PRNA,0.0
ATU,0.0
SKG,0.0
TRZ,0.0
KHA,0.0
RPH,0.0
FKM,0.0
JKR,0.0
DBO,0.0
TPNI,0.0
BQA,0.0
RC,0.0
MGME,0.0
HJP,0.0
NOMD,0.0
JLLO,0.0
NEW,0.0
MTC,0.0
MUGR,0.0
NTSK,0.0
PDR,0.0
BTA,0.0
NMJ,0.0
SGBJ,0.0
GRB,0.0
SSM,0.0
SNGP,0.0
VTK,0.0
SWM,0.0
GDR,0.0
BLDI,0.0
COI,0.0
SNS,0.0
SVGA,0.0
SKPT,0.0
RLA,0.0
SRVX,0.0
RHR,0.0
MV,0.0
CHTI,0.0
KEMR,0.0
BCA,0.0
BPB,0.0
ATNR,0.0
BSI,0.0
GNS,0.0
IAA,0.0
PLSN,0.0
BOM,0.0
HDT,0.0
CHZ,0.0
JND,0.0
KRNR,0.0
APN,0.0
CIL,0.0
GWV,0.0
GLGT,0.0
VS,0.0
KTGA,0.0
BXN,0.0
SKB,0.0
PMB,0.0
FBG,0.0
MJ,0.0
MEJ,0.0
RQJ,0.0
PNQ,0.0
HLDR,0.0
SGND,0.0
MNM,0.0
NZB,0.0
SVRP,0.0
TRPL,0.0
DING,0.0
APDJ,0.0
MKHI,0.0
NILE,0.0
SGL,0.0
GADJ,0.0
ABU,0.0
BPS,0.0
MKI,0.0
NBD,0.0
NAL,0.0
MDU,0.0
WL,0.0
STM,0.0
FTD,0.0
MZR,0.0
BWT,0.0
KRTH,0.0
BRB,0.0
KJI,0.0
PAU,0.0
GDA,0.0
BFM,0.0
BLLI,0.0
SLX,0.0
GDV,0.0
SSD,0.0
KJV,0.0
RKB,0.0
KMA,0.0
PKU,0.0
BDCR,0.0
BLP,0.0
JKM,0.0
MAR,0.0
KRT,0.0
HDP,0.0
JAB,0.0
KEH,0.0
BRAG,0.0
BUW,0.0
SRKN,0.0
NOH,0.0
BAHP,0.0
DTE,0.0
PTNR,0.0
MZH,0.0
KNLS,0.0
PKY,0.0
JRW,0.0
KHNM,0.0
BGAN,0.0
VZM,0.0
MOTA,0.0
BYS,0.0
NLPD,0.0
CNI,0.0
BCHN,0.0
JL,0.0
DYP,0.0
VMD,0.0
MALB,0.0
GOTN,0.0
HW,0.0
MHH,0.0
BJLP,0.0
BNKI,0.0
VAPI,0.0
NVT,0.0
MUE,0.0
KTV,0.0
PRZ,0.0
DSNI,0.0
AJJ,0.0
TTPT,0.0
SV,0.0
BARD,0.0
DKAE,0.0
PST,0.0
BBKR,0.0
CDMR,0.0
ERS,0.0
ADRA,0.0
ARG,0.0
RGL,0.0
MJGP,0.0
KNPR,0.0
QXR,0.0
BDWS,0.0
CTRL,0.0
TNDE,0.0
DKX,0.0
WTJ,0.0
BLPU,0.0
AIP,0.0
GSDH,0.0
DGA,0.0
GLA,0.0
HG,0.0
CJW,0.0
SMZ,0.0
RNI,0.0
KLNP,0.0
BAL,0.0
NH,0.0
SHE,0.0
VNA,0.0
SW,0.0
HMH,0.0
SRPB,0.0
PSA,0.0
KQR,0.0
KAV,0.0
PU,0.0
GHD,0.0
HSD,0.0
WSJ,0.0
KPN,0.0
SEG,0.0
PAK,0.0
SPR,0.0
ARCL,0.0
ALPR,0.0
GCH,0.0
MHF,0.0
MKG,0.0
RBZ,0.0
MZM,0.0
PDW,0.0
CVJ,0.0
BRRG,0.0
JDB,0.0
EKC,0.0
DNV,0.0
KXK,0.0
NZR,0.0
PAB,0.0
CAER,0.0
MYS,0.0
CUPJ,0.0
BEE,0.0
DDJ,0.0
HIJ,0.0
BUQ,0.0
KUA,0.0
LKBL,0.0
JHS,0.0
SPC,0.0
CHSM,0.0
BTI,0.0
SRR,0.0
MYG,0.0
MSQ,0.0
TMZ,0.0
AOR,0.0
SNX,0.0
SGNR,0.0
LUNI,0.0
KMU,0.0
DRGM,0.0
KVR,0.0
MTD,0.0
KNHN,0.0
CSA,0.0
CVD,0.0
DLP,0.0
DSJ,0.0
LDH,0.0
HOD,0.0
BDTS,0.0
KNGT,0.0
KGD,0.0
MNV,0.0
RSYI,0.0
VPT,0.0
PP,0.0
BDBA,0.0
JKP,0.0
KSJ,0.0
RGO,0.0
DHRN,0.0
TYAE,0.0
BKP,0.0
BSWA,0.0
BBGN,0.0
SBM,0.0
MGSJ,0.0
RAY,0.0
PKD,0.0
SRU,0.0
MNUR,0.0
ULL,0.0
JJT,0.0
GBX,0.0
AUR,0.0
SQS,0.0
SMBL,0.0
RRB,0.0
JEN,0.0
BRWD,0.0
KANJ,0.0
GNVR,0.0
MRND,0.0
BWN,0.0
AGD,0.0
BNH,0.0
NKI,0.0
STA,0.0
BRN,0.0
PFM,0.0
KNDI,0.0
PUF,0.0
MAI,0.0
RRME,0.0
KTRD,0.0
ODM,0.0
DJD,0.0
BUDI,0.0
SGM,0.0
IQB,0.0
GNTR,0.0
KAYR,0.0
CTR,0.0
SMH,0.0
KNF,0.0
HSR,0.0
PSN,0.0
RBD,0.0
AMC,0.0
ALJ,0.0
PHWR,0.0
BZM,0.0
KLU,0.0
BLY,0.0
JRS,0.0
KGMR,0.0
PDL,0.0
MDNR,0.0
NIP,0.0
JHW,0.0
BXR,0.0
AILM,0.0
PMKT,0.0
BYP,0.0
CX,0.0
GPE,0.0
NSS,0.0
RKSN,0.0
HSQ,0.0
DKJ,0.0
BSR,0.0
DUI,0.0
MVJ,0.0
SMI,0.0
SUJR,0.0
MOBD,0.0
NTU,0.0
BJPL,0.0
BVRT,0.0
SOG,0.0
TZR,0.0
KGP,0.0
MJPB,0.0
DAL,0.0
AMG,0.0
RPJ,0.0
NAB,0.0
YPD,0.0
ABD,0.0
AWR,0.0
JU,0.0
JACN,0.0
FD,0.0
KQE,0.0
UPL,0.0
MNMU,0.0
SDI,0.0
NDKD,0.0
NTT,0.0
PAQ,0.0
HAS,0.0
NCJ,0.0
BJ,0.0
RSH,0.0
BRND,0.0
TPT,0.0
KRNT,0.0
BDC,0.0
HZN,0.0
KKQ,0.0
KTGD,0.0
SKS,0.0
LD,0.0
SINI,0.0
SOT,0.0
VG,0.0
LMG,0.0
MBA,0.0
JUJA,0.0
KEG,0.0
TNRI,0.0
ON,0.0
ETP,0.0
MCA,0.0
TUG,0.0
JHL,0.0
GKL,0.0
CTJ,0.0
PNP,0.0
ULT,0.0
KKDI,0.0
DWX,0.0
TNA,0.0
ARAG,0.0
GJL,0.0
ALJN,0.0
SYF,0.0
ABFC,0.0
KIS,0.0
NHM,0.0
DDL,0.0
NYN,0.0
